family,kind,algorithm,nist_level,quantum_resistant,operation,samples,batch,median_ms,mean_ms,stdev_ms,min_ms,max_ms
Calibration,Overhead,empty Python call,-,n-a,call,300,10000,3.6e-05,4.4e-05,1.4e-05,3.5e-05,0.000131
Calibration,Overhead,os.urandom(32),-,n-a,call,300,10000,0.000196,0.000252,9e-05,0.000185,0.000545
Classical,KEM,ECDH P-256,-,no,keygen,300,258,0.029666,0.030344,0.00566,0.023057,0.047733
Classical,KEM,ECDH P-256,-,no,encapsulate,300,60,0.142752,0.145746,0.024711,0.11403,0.202083
Classical,KEM,ECDH P-256,-,no,decapsulate,300,76,0.111523,0.115549,0.017266,0.095526,0.23683
Classical,KEM,X25519,-,no,keygen,300,138,0.050498,0.054407,0.009536,0.045404,0.089099
Classical,KEM,X25519,-,no,encapsulate,247,105,0.111292,0.115835,0.01635,0.096033,0.171765
Classical,KEM,X25519,-,no,decapsulate,250,207,0.056022,0.058053,0.008834,0.048915,0.123944
Classical,KEM,RSA-2048 (OAEP),-,no,keygen,41,1,62.2489,73.540749,49.105188,16.6195,235.2425
Classical,KEM,RSA-2048 (OAEP),-,no,encapsulate,260,286,0.038516,0.04036,0.005954,0.034543,0.074091
Classical,KEM,RSA-2048 (OAEP),-,no,decapsulate,296,11,0.89065,0.921449,0.115305,0.774291,1.352645
Classical,Signature,ECDSA P-256,-,no,keygen,300,258,0.029666,0.030344,0.00566,0.023057,0.047733
Classical,Signature,ECDSA P-256,-,no,sign,259,283,0.039716,0.041037,0.005104,0.0352,0.05801
Classical,Signature,ECDSA P-256,-,no,verify,261,109,0.101931,0.105703,0.012527,0.093131,0.15498
Classical,Signature,Ed25519,-,no,keygen,246,212,0.055677,0.057611,0.008798,0.045929,0.084744
Classical,Signature,Ed25519,-,no,sign,287,187,0.052922,0.056078,0.009824,0.045733,0.108683
Classical,Signature,Ed25519,-,no,verify,254,77,0.146786,0.153461,0.020519,0.131823,0.225948
Classical,Signature,RSA-2048 (PSS),-,no,keygen,41,1,62.2489,73.540749,49.105188,16.6195,235.2425
Classical,Signature,RSA-2048 (PSS),-,no,sign,249,13,0.903731,0.927058,0.113879,0.775192,1.328469
Classical,Signature,RSA-2048 (PSS),-,no,verify,246,269,0.044262,0.045387,0.007445,0.036901,0.118922
Lattice,KEM,ML-KEM-512 (Kyber512),1,yes,keygen,239,86,0.138021,0.145887,0.026886,0.115423,0.233058
Lattice,KEM,ML-KEM-512 (Kyber512),1,yes,encapsulate,220,84,0.1542,0.16233,0.030744,0.118543,0.253881
Lattice,KEM,ML-KEM-512 (Kyber512),1,yes,decapsulate,211,210,0.064232,0.067739,0.014327,0.047666,0.154997
Lattice,KEM,ML-KEM-768 (Kyber768),3,yes,keygen,300,40,0.174379,0.182934,0.038998,0.1389,0.283815
Lattice,KEM,ML-KEM-768 (Kyber768),3,yes,encapsulate,300,41,0.20121,0.205217,0.046157,0.14151,0.326068
Lattice,KEM,ML-KEM-768 (Kyber768),3,yes,decapsulate,300,81,0.089674,0.097351,0.021893,0.074196,0.173033
Lattice,KEM,ML-KEM-1024 (Kyber1024),5,yes,keygen,235,59,0.197803,0.21679,0.045967,0.172529,0.455586
Lattice,KEM,ML-KEM-1024 (Kyber1024),5,yes,encapsulate,232,59,0.204155,0.219614,0.044499,0.171873,0.355266
Lattice,KEM,ML-KEM-1024 (Kyber1024),5,yes,decapsulate,243,90,0.129594,0.13719,0.023267,0.108636,0.222718
Code-based,KEM,HQC-128,1,yes,keygen,300,1,2.82435,3.01005,0.506657,2.517,5.2175
Code-based,KEM,HQC-128,1,yes,encapsulate,300,1,5.3983,5.75511,1.104596,4.8063,15.8014
Code-based,KEM,HQC-128,1,yes,decapsulate,300,1,8.07335,8.561085,1.106177,7.4685,11.9954
Lattice,Signature,ML-DSA-44 (Dilithium2),2,yes,keygen,300,34,0.23815,0.254328,0.053958,0.197815,0.494412
Lattice,Signature,ML-DSA-44 (Dilithium2),2,yes,sign,213,23,0.572109,0.613961,0.130656,0.426835,1.085478
Lattice,Signature,ML-DSA-44 (Dilithium2),2,yes,verify,239,81,0.141315,0.155071,0.032313,0.122048,0.247802
Lattice,Signature,ML-DSA-65 (Dilithium3),3,yes,keygen,241,33,0.360145,0.377678,0.063051,0.305633,0.611955
Lattice,Signature,ML-DSA-65 (Dilithium3),3,yes,sign,223,15,0.872247,0.899161,0.203374,0.557653,1.648307
Lattice,Signature,ML-DSA-65 (Dilithium3),3,yes,verify,250,50,0.22805,0.240339,0.036511,0.203934,0.400934
Lattice,Signature,Falcon-512,1,yes,keygen,128,1,21.57515,23.632273,8.422698,14.2331,55.2627
Lattice,Signature,Falcon-512,1,yes,sign,300,1,6.4142,6.818101,1.107151,5.5958,13.5863
Lattice,Signature,Falcon-512,1,yes,verify,300,121,0.065879,0.070461,0.015429,0.053586,0.164571
Lattice,Signature,Falcon-1024,5,yes,keygen,42,1,66.40385,71.628188,23.455899,40.474,128.856
Lattice,Signature,Falcon-1024,5,yes,sign,207,1,14.202,14.540879,1.687335,12.0809,20.2899
Lattice,Signature,Falcon-1024,5,yes,verify,238,89,0.129538,0.141609,0.031677,0.113153,0.345715
Hash-based,Signature,SPHINCS+-SHA2-128f,1,yes,keygen,300,1,2.29535,2.693741,0.735691,2.1084,5.0932
Hash-based,Signature,SPHINCS+-SHA2-128f,1,yes,sign,49,1,60.4586,62.351906,8.753072,50.2494,92.2973
Hash-based,Signature,SPHINCS+-SHA2-128f,1,yes,verify,300,1,3.2913,3.698428,0.977955,2.7014,6.7197
Hash-based,Signature,SPHINCS+-SHA2-128s,1,yes,keygen,18,1,167.5439,169.888983,16.992583,143.2933,206.5442
Hash-based,Signature,SPHINCS+-SHA2-128s,1,yes,sign,15,1,1189.017,1209.80862,71.66551,1151.6668,1384.8565
Hash-based,Signature,SPHINCS+-SHA2-128s,1,yes,verify,244,11,1.045514,1.118375,0.173118,0.956491,1.822945
